CATEGORY1,CATEGORY2,CATEGORY3,
Cables,A/V Cables & Adapters,A/V & Audio Extension Devices,
Cables,A/V Cables & Adapters,A/V Cables & Adapters,
Cables,A/V Cables & Adapters,SPEAKER CABLES & ADAPTERS,
Cables,Apple Cables,Apple A/V Cables & Adapters,
Cables,Apple Cables,Apple Extension Cords,
Cables,Apple Cables,Apple USB & Firewire Cables & Adapters,
Cables,Cable Management,Cable Management,
Cables,Cable Management,"Jacks, Outlets & Faceplates",
Cables,Cable Management,Patch Panels & Mounting,
Cables,Cable Management,Structured Wiring & Components,
Cables,"Computer Cables, Accessories, & Adapters",MODEM CABLES & ADAPTERS,
Cables,"Computer Cables, Accessories, & Adapters",PHONE LINE CABLES,
Cables,"Computer Cables, Accessories, & Adapters",PRINTER CABLES & ADAPTERS,
Cables,"Computer Cables, Accessories, & Adapters",Peripheral Cables & Adapters,
Cables,"Computer Cables, Accessories, & Adapters",Storage Cables & Adapters,
Cables,"Computer Cables, Accessories, & Adapters",USB & Firewire Cables & Adapters,
Cables,Network Cables,,
Cables,Network Cables,Cables - Unallocated,
Cables,Network Cables,"Cat 5 Cables, Connectors & Adapters",
Cables,Network Cables,"Cat 6 Cables, Connectors & Adapters",
Cables,Network Cables,"Cat 7 Cables, Connectors & Adapters",
Cables,Network Cables,Coax Cables & Network Adapters,
Cables,Network Cables,Fiber Optic Cables & Adapters,
Cables,Network Cables,Other Cat Cables,
Cables,Network Cables,Proprietary Network Device Cables,
Cables,Power Cables,AC Power Cables,
Cables,Power Cables,Drive Power Cables,
Cables,Power Cables,Extension Cords,
Cables,Power Cables,Power Strips,
Cables,Power Cables,Surge Protectors,
Cables,Unknown,Unknown,
Communications,Apple Mobility Communication Devices & Accessories,Apple Bluetooth Speakers & Devices,
Communications,Apple Mobility Communication Devices & Accessories,Apple Mobile Phones & Cellular Devices,
Communications,Apple Mobility Communication Devices & Accessories,Apple Phone Components & Accessories,
Communications,Carrier Transport Equipment,Multiplexors & Components,
Communications,Carrier Transport Equipment,Optical Transport,
Communications,Mobility Communication Devices & Accessories,Bluetooth Speakers & Devices,
Communications,Mobility Communication Devices & Accessories,Mobile Phones & Cellular Devices,
Communications,Mobility Communication Devices & Accessories,Other Phone Components & Accessories,
Communications,Phones & Video Conferencing,Audio Conferencing Systems & Components,
Communications,Phones & Video Conferencing,Fax Servers & Boards,
Communications,Phones & Video Conferencing,"Headphones, Earbuds, & Non-Phone Headsets",
Communications,Phones & Video Conferencing,Phone Headsets,
Communications,Phones & Video Conferencing,Phone Systems & Components,
Communications,Phones & Video Conferencing,Phone Systems Software,
Communications,Phones & Video Conferencing,Video Conferencing Software,
Communications,Phones & Video Conferencing,Video Conferencing Systems & Components,
Communications,Phones & Video Conferencing,Web Cameras,
Communications,Unknown,Unknown,
Communications,VHF Radios & Communications Accessories,VHF Radios & Communications Accessories,
Computer Components,Computer Cases & Mounting,Case Components - Unallocated,
Computer Components,Computer Cases & Mounting,PC Computer Cases,
Computer Components,Computer Cases & Mounting,Server Computer Cases,
Computer Components,Computer Cases & Mounting,Unknown,
Computer Components,Memory,Generic Memory,
Computer Components,Memory,Proprietary Memory,
Computer Components,Motherboards,Mobile Motherboards,
Computer Components,Motherboards,Motherboard Components,
Computer Components,Motherboards,Multi Motherboards,
Computer Components,Motherboards,Single Motherboards,
Computer Components,Network Interface Cards,Ethernet Network Interface Cards,
Computer Components,Network Interface Cards,Non-Ethernet Network Interface Cards,
Computer Components,Processors & Power,Mobile Processors,
Computer Components,Processors & Power,Multi Processors,
Computer Components,Processors & Power,Power Supplies,
Computer Components,Processors & Power,Processor Accelerators,
Computer Components,Processors & Power,Single Processors,
Computer Components,"Video, Sound, & Capture Cards",Scan Converters & Tuners,
Computer Components,"Video, Sound, & Capture Cards",Sound Cards & Systems,
Computer Components,"Video, Sound, & Capture Cards",Video Cards & Devices,
Computer Systems,Apple Computer Systems,Apple Desktops,
Computer Systems,Apple Computer Systems,Apple Laptops,
Computer Systems,Apple Computer Systems,Apple Tablets,
Computer Systems,Chromebooks,"Chromebooks - 14.0""+",
Computer Systems,Chromebooks,"Chromebooks - Less than 13.9""",
Computer Systems,Chromebooks,Chromebooks - Unallocated,
Computer Systems,Desktops,All In One Systems,
Computer Systems,Desktops,Barebones PC,
Computer Systems,Desktops,Desktop Systems,
Computer Systems,Desktops,Small Form Systems,
Computer Systems,Desktops,Tower Systems,
Computer Systems,Laptops,Laptop Parts & Accessories,
Computer Systems,Laptops,Unknown,
Computer Systems,Laptops,"Windows - 13"" - 13.9""",
Computer Systems,Laptops,"Windows - 14"" - 14.9""",
Computer Systems,Laptops,"Windows - 15"" - 15.9""",
Computer Systems,Laptops,"Windows - 16"" - 16.9""",
Computer Systems,Laptops,"Windows - 17""+",
Computer Systems,Laptops,"Windows - Less than 12.9""",
Computer Systems,Laptops,Windows - Unallocated,
Computer Systems,Servers,Barebones Servers,
Computer Systems,Servers,Blade Server & Components,
Computer Systems,Servers,"Device, Termincal, & RAS Servers",
Computer Systems,Servers,"Rack Servers, Enclosures, & Components",
Computer Systems,Servers,Tower Servers,
Computer Systems,Tablets,Slate Style Tablets,
Computer Systems,Tablets,Tablet PCs,
Computer Systems,Tablets,Tablet Parts & Accessories,
Computer Systems,Unknown,Unknown,
Computer Systems,Workstations & Terminals,General Purpose Terminals & Components,
Computer Systems,Workstations & Terminals,Thin Clients,
Computer Systems,Workstations & Terminals,Workstations,
"Home, Office, & Business Equipment",Care & Cleaning,Barcode Labels For Tape Cartridges,
"Home, Office, & Business Equipment",Care & Cleaning,Cleaning Cartridges,
"Home, Office, & Business Equipment",Care & Cleaning,General Cleaning Supplies,
"Home, Office, & Business Equipment",Care & Cleaning,Optical CD/DVD/Bluray/Magneto Media,
"Home, Office, & Business Equipment",Care & Cleaning,Removable Cartridge Media,
"Home, Office, & Business Equipment",Care & Cleaning,Tape Media,
"Home, Office, & Business Equipment",Care & Cleaning,Unknown,
"Home, Office, & Business Equipment",Detection & Security Systems,Anti-Theft Devices,
"Home, Office, & Business Equipment",Detection & Security Systems,Biometric Security Devices,
"Home, Office, & Business Equipment",Detection & Security Systems,Emergency Alerting Systems,
"Home, Office, & Business Equipment",Detection & Security Systems,Environmental Monitors & Components,
"Home, Office, & Business Equipment",Detection & Security Systems,Fire and Intrusion Alarm Systems & Components,
"Home, Office, & Business Equipment",Detection & Security Systems,Metal Detectors,
"Home, Office, & Business Equipment",Detection & Security Systems,Observation/Security Bundles,
"Home, Office, & Business Equipment",Detection & Security Systems,Physical Access Control Management,
"Home, Office, & Business Equipment",Detection & Security Systems,Physical Security Options & Accessories,
"Home, Office, & Business Equipment",Detection & Security Systems,Proximity Devices,
"Home, Office, & Business Equipment",Detection & Security Systems,Video Surveillance Devices & Components,
"Home, Office, & Business Equipment",Home Automation,Home Automation Accessories,
"Home, Office, & Business Equipment",Home Automation,Home Automation Modules,
"Home, Office, & Business Equipment",Home Automation,Home Automation Sensors,
"Home, Office, & Business Equipment",Home Automation,Home Automation System Controllers,
"Home, Office, & Business Equipment",Home Automation,Light Switches,
"Home, Office, & Business Equipment",Office Equipment,Desk Accessories,
"Home, Office, & Business Equipment",Office Equipment,Office Electronics,
"Home, Office, & Business Equipment",Office Equipment,Office Furniture,
"Home, Office, & Business Equipment",Office Supplies,Electronic Office Supplies,
"Home, Office, & Business Equipment",Office Supplies,Other Office Supplies,
"Home, Office, & Business Equipment",Point Devices & Whiteboards,Graphics Tablets & Stylus,
"Home, Office, & Business Equipment",Point Devices & Whiteboards,Interactive Presentation Devices,
"Home, Office, & Business Equipment",Point Devices & Whiteboards,"Mice, Touchpads, & Trackballs",
"Home, Office, & Business Equipment",Point Devices & Whiteboards,Whiteboards,
Monitors & Displays,Computer Monitors,"Computer Monitor - 20"" - 21.9""",
Monitors & Displays,Computer Monitors,"Computer Monitor - 22"" - 23.9""",
Monitors & Displays,Computer Monitors,"Computer Monitor - 24"" - 25.9""",
Monitors & Displays,Computer Monitors,"Computer Monitor - 26"" - 27.9""",
Monitors & Displays,Computer Monitors,"Computer Monitor - 28""+",
Monitors & Displays,Computer Monitors,"Computer Monitor - Less than 19.9""",
Monitors & Displays,Computer Monitors,Computer Monitor - Unallocated,
Monitors & Displays,Monitor & TV Accessories,Converter Boxes,
Monitors & Displays,Monitor & TV Accessories,Monitor Accessories & Components,
Monitors & Displays,Monitor & TV Accessories,Remote Controls,
Monitors & Displays,Monitor & TV Accessories,TV ACCESSORIES,
Monitors & Displays,Projectors & Accessories,Projector Cables & Accessories,
Monitors & Displays,Projectors & Accessories,Projector Screens & Accessories,
Monitors & Displays,Projectors & Accessories,Projectors,
Monitors & Displays,Specialty Displays,Direct View Displays,
Monitors & Displays,Specialty Displays,Healthcare & Hospitality,
Monitors & Displays,TV Displays,Commercial Displays,
Monitors & Displays,TV Displays,Consumer Displays,
Monitors & Displays,TV Displays,Unknown,
Monitors & Displays,Touch Screen Displays,Desktop Touch Screen Displays,
Monitors & Displays,Touch Screen Displays,LCD Touch Screen Displays,
Monitors & Displays,Touch Screen Displays,LFD Touch Screen Displays,
Monitors & Displays,Unknown,Unknown,
Networking,Content Networking,Content Delivery Equipment & Components,
Networking,Content Networking,Content Switching & Load Balancers,
Networking,Content Networking,Media Streaming Devices & Components,
Networking,Network Monitoring Equipment,Cable Testers,
Networking,Network Monitoring Equipment,Network Analysis Devices,
Networking,Network Monitoring Equipment,Test Equipment Components,
Networking,Network Security,Authentication Devices,
Networking,Network Security,Firewall Devices,
Networking,Network Security,IDS/IDP Devices,
Networking,Network Security,Network Security Accessories & Components,
Networking,Network Security,Security Appliances,
Networking,Network Security,VPN Devices,
Networking,"Routers, Modems, & Connectivity Adapters",CSU/DSU/SDU Components,
Networking,"Routers, Modems, & Connectivity Adapters",Line Sharing Devices,
Networking,"Routers, Modems, & Connectivity Adapters",Modems & Components,
Networking,"Routers, Modems, & Connectivity Adapters",Routers & Components,
Networking,Switches & Hubs,Non-Wireless Switches,
Networking,Switches & Hubs,Repeaters,
Networking,Switches & Hubs,Standalone Hubs,
Networking,Switches & Hubs,Switch & Hub Components,
Networking,Wireless Networking,Antennas & Amplifiers,
Networking,Wireless Networking,Transceivers,
Networking,Wireless Networking,Wireless Access Points & Bridges,
Networking,Wireless Networking,Wireless Routers & Gateways,
Networking,Wireless Networking,Wireless Switches & Controllers,
Networking,Wireless Networking,Wireless Modules and Adapter,
Networking,Wireless Networking,"Wireless, Cabling, Components & Kits",
Core,Test Equipment & Tools,Lab Equipment,
Non-Core,Apple Non-Core,Apple Home Stereo & Theater Equipment,
Non-Core,Apple Non-Core,Apple Music & Sound Accessorries/Devices,
Non-Core,Apple Non-Core,Apple Wearables & Wearable Accessories,
Non-Core,Appliances,"Heating, Cooling, & Air QualitY",
Non-Core,Appliances,Kitchen & Household Appliances,
Non-Core,Appliances,Vacuum & Floor Care,
Non-Core,Appliances,Washers/Dryers,
Non-Core,Auto/Marine Devices & Accessories,Auto/Marine Devices & Accessories,
Non-Core,"Cameras, Camera Accessories, & Drones",Analog Camcorders,
Non-Core,"Cameras, Camera Accessories, & Drones","Camera Cases, Docks, & Accessories",
Non-Core,"Cameras, Camera Accessories, & Drones",Camera Power Options,
Non-Core,"Cameras, Camera Accessories, & Drones",Camera/Printer Bundles,
Non-Core,"Cameras, Camera Accessories, & Drones",Digital Cameras & Camcorders,
Non-Core,"Cameras, Camera Accessories, & Drones",Drones & Drone Accessories,
Non-Core,"Cameras, Camera Accessories, & Drones",Film Cameras,
Non-Core,"Health, Fitness, & Personal Care",Baby Care,
Non-Core,"Health, Fitness, & Personal Care",Fitness & Exercise Equipment,
Non-Core,"Health, Fitness, & Personal Care",Fitness Apparel,
Non-Core,"Health, Fitness, & Personal Care",Health & Wellness,
Non-Core,"Health, Fitness, & Personal Care",Outdoor Recreation Products,
Non-Core,"Health, Fitness, & Personal Care",Personal Care & Beauty,
Non-Core,"Health, Fitness, & Personal Care",Wearables & Wearable Accessories,
Non-Core,Home Furnishings,Furniture,
Non-Core,Home Furnishings,Household Essentials,
Non-Core,Home Stereo & Theater Equipment,Disc Players & Devices,
Non-Core,Home Stereo & Theater Equipment,Home Audio Components,
Non-Core,Home Stereo & Theater Equipment,Home Theater Systems & Accessories,
Non-Core,Luggage & Bags,Backpacks & Bags,
Non-Core,Luggage & Bags,Luggage,
Non-Core,Music & Sound Accessorries/Devices,IPODs & MP3 Players,
Non-Core,Music & Sound Accessorries/Devices,Microphones & Recording Equipment,
Non-Core,"Professional Sound, Entertainment, & Music Devices",Instruments & Accessories,
Non-Core,"Professional Sound, Entertainment, & Music Devices","Professional Microphones, Speakers, & Subwoofers",
Non-Core,Toys & Gaming,Children's Toys,
Non-Core,Toys & Gaming,Crafting Products & Machines,
Non-Core,Toys & Gaming,Video Gaming Accessories,
Non-Core,Virtual Reality Products,Virtual Reality Accessories,
Non-Core,Virtual Reality Products,Virtual Reality Headsets,
Non-Core,Virtual Reality Products,Virtual Reality Systems,
Peripherals,Computer Accessories,Keyboard Accessories,
Peripherals,Computer Accessories,Keyboards & Mice,
Peripherals,Computer Accessories,PC Gaming,
Peripherals,Computer Accessories,USB & Firewire Connectivity Devices,
Peripherals,Portable Digital Audio/Video Devices,Digital A/V Devices,
Peripherals,Portable Digital Audio/Video Devices,Multimedia Players & Recorders,
Peripherals,Serial/Parallel & I/O Cards,I/O Combo Cards,
Peripherals,Serial/Parallel & I/O Cards,Multiport Serial Devices & Cables,
Peripherals,Serial/Parallel & I/O Cards,Parallel Cards,
Peripherals,Serial/Parallel & I/O Cards,Serial Cards,
Peripherals,Switching Devices,KVM Switches & Components,
Peripherals,Switching Devices,Switchboxes & Extenders,
Peripherals,UPS & Power Equipment,Line Conditioners,
Peripherals,UPS & Power Equipment,Power Inverters & Voltage Regulators,
Peripherals,UPS & Power Equipment,UPS Cables & Components,
Peripherals,UPS & Power Equipment,Uninterruptible Power Supplies & PDUs,
"Printers, Scanners & Accessories",Printer & Plotter Accessories,3D Printer Accessories & Components,
"Printers, Scanners & Accessories",Printer & Plotter Accessories,Other Printer Accessories & Components,
"Printers, Scanners & Accessories",Printer & Plotter Accessories,Plotter Accessories & Components,
"Printers, Scanners & Accessories",Printer & Plotter Accessories,Printer Management Software,
"Printers, Scanners & Accessories",Printer & Plotter Accessories,Printer Memory & Hard Drives,
"Printers, Scanners & Accessories",Printer & Plotter Accessories,Printer Power Options,
"Printers, Scanners & Accessories",Printers & Printer Supplies,3D Printers,
"Printers, Scanners & Accessories",Printers & Printer Supplies,Barcode Printers,
"Printers, Scanners & Accessories",Printers & Printer Supplies,Auto ID Printers & Accessories,
"Printers, Scanners & Accessories",Printers & Printer Supplies,DOT Matrix Printers,
"Printers, Scanners & Accessories",Printers & Printer Supplies,Inkjet Printers,
"Printers, Scanners & Accessories",Printers & Printer Supplies,"Label, Photo, & Card Printers",
"Printers, Scanners & Accessories",Printers & Printer Supplies,Large Format Printers,
"Printers, Scanners & Accessories",Printers & Printer Supplies,Laser Printers,
"Printers, Scanners & Accessories",Printers & Printer Supplies,Multi-Function Printers,
"Printers, Scanners & Accessories",Printers & Printer Supplies,POS Printers,
"Printers, Scanners & Accessories",Printers & Printer Supplies,Printer Supplies & Consumables,
"Printers, Scanners & Accessories",Printers & Printer Supplies,Solid Ink Printers,
"Printers, Scanners & Accessories",Scanners & Scanner Accessories,3D Scanners,
"Printers, Scanners & Accessories",Scanners & Scanner Accessories,Business & ID Card Scanners,
"Printers, Scanners & Accessories",Scanners & Scanner Accessories,Handheld Scanners,
"Printers, Scanners & Accessories",Scanners & Scanner Accessories,Home & Office Scanners,
"Printers, Scanners & Accessories",Scanners & Scanner Accessories,Photo Scanners,
"Printers, Scanners & Accessories",Scanners & Scanner Accessories,Production & Enterprise Scanners,
"Printers, Scanners & Accessories",Scanners & Scanner Accessories,Scanner Accessories & Consumables,
"Printers, Scanners & Accessories",Scanners & Scanner Accessories,Scanner Components,
"Printers, Scanners & Accessories",Scanners & Scanner Accessories,"Slide, Film, & Transparency Scanners",
Scanner Guns & Point of Sales,Barcode Scanners,Barcode Readers & Verifiers,
Scanner Guns & Point of Sales,Barcode Scanners,Fixed Mount Scanners,
Scanner Guns & Point of Sales,Barcode Scanners,Handheld Scanners,
Scanner Guns & Point of Sales,Barcode Scanners,In-Counter Scanners,
Scanner Guns & Point of Sales,Barcode Scanners,Presentation Scanners,
Scanner Guns & Point of Sales,"POS Peripherals, Supplies, & Accessories",Authorization Terminals,
Scanner Guns & Point of Sales,"POS Peripherals, Supplies, & Accessories",Barcode Printer Supplies & Accessories,
Scanner Guns & Point of Sales,"POS Peripherals, Supplies, & Accessories",Cash Drawers & Trays,
Scanner Guns & Point of Sales,"POS Peripherals, Supplies, & Accessories",Check & Magnetic Stripe Readers,
Scanner Guns & Point of Sales,"POS Peripherals, Supplies, & Accessories",Kiosk Accessories,
Scanner Guns & Point of Sales,"POS Peripherals, Supplies, & Accessories",POS Displays & Touchscreens,
Scanner Guns & Point of Sales,"POS Peripherals, Supplies, & Accessories",POS Keyboards,
Scanner Guns & Point of Sales,"POS Peripherals, Supplies, & Accessories",POS Peripheral & Terminal Accessories,
Scanner Guns & Point of Sales,"POS Peripherals, Supplies, & Accessories",POS Scales,
Scanner Guns & Point of Sales,POS Software,AIDC/POS Application Development Software,
Scanner Guns & Point of Sales,POS Software,AIDC/POS Device Management Software,
Scanner Guns & Point of Sales,POS Software,AIDC/POS Miscellaneous Software,
Scanner Guns & Point of Sales,POS Software,Barcode Label Software,
Scanner Guns & Point of Sales,POS Software,Data Capture Application Software,
Scanner Guns & Point of Sales,POS Terminals,AIDC Terminals & Accessories,
Scanner Guns & Point of Sales,POS Terminals,Integrated Touchscreen POS Terminals,
Scanner Guns & Point of Sales,POS Terminals,Kiosk POS Terminals,
Scanner Guns & Point of Sales,POS Terminals,Portable POS Terminals,
Scanner Guns & Point of Sales,POS Terminals,Standalone POS Terminals,
Scanner Guns & Point of Sales,RFID Readers & Encoders,Fixed Mount RFID Reader/Encoder,
Scanner Guns & Point of Sales,RFID Readers & Encoders,Handheld RFID Reader,
Scanner Guns & Point of Sales,RFID Readers & Encoders,RFID Accessories,
Scanner Guns & Point of Sales,Solution Bundles,Healthcare Bundle Solutions,
Scanner Guns & Point of Sales,Solution Bundles,Other POS Solutions,
Services,Certification Training,General Certification Training,
Services,Ingram Micro Services,Ingram Micro Choice Adv Services,
Services,Ingram Micro Services,Ingram Micro Integration Services,
Services,Ingram Micro Services,Ingram Micro Logistics Services,
Services,Ingram Micro Services,Ingram Micro Services Network- Imsn,
Services,Ingram Micro Services,Psts Custom Skus,
Services,Installation Services,Hardware Installation Services,
Services,Installation Services,Software Installation Services,
Services,Managed Services (Cloud),Cloudblue It Asset Disposal Services (Itad),
Services,Managed Services (Cloud),Data Center Virtualization,
Services,Managed Services (Cloud),Enterprise Communications,
Services,Managed Services (Cloud),Hardware As A Service,
Services,Managed Services (Cloud),"Labor, Network Operations Management",
Services,Managed Services (Cloud),Remote Monitoring & Management,
Services,Managed Services (Cloud),"Security, Email & Web Defense",
Services,Managed Services (Cloud),Software As A Service,
Services,Managed Services (Cloud),"Storage, Online Backup & Restore",
Services,Technology Training,General Technology Training,
Services,Technology Training,Security Training,
Services,Vendor Professional Services,Custom Consulting Services,
Services,Vendor Professional Services,Deployment/Support Services,
Services,Vendor Professional Services,Hardware Configuration Services,
Services,Vendor Professional Services,"Integration (Bto, Cto) Services",
Services,Vendor Professional Services,Recovery Services,
Services,Vendor Professional Services,Remote Monitoring Services,
Services,Vendor Professional Services,Software Configuration Services,
Services,Warranties,Extended Warranties,
Services,Warranties,Upgrade Warranties,
Services,Warranties,Warranty Renewals,
Software,Business Solution Software,Application Server Software,
Software,Business Solution Software,Business Solution Esd Sw With Download Protection,
Software,Business Solution Software,Business Solution Suite Software,
Software,Business Solution Software,Crm Software,
Software,Business Solution Software,Learning Management Software,
Software,Business Solution Software,Project Management Software,
Software,Business Solution Software,Server Suite Software,
Software,Communications Software,Communication Software Suites,
Software,Communications Software,E-Mail Software,
Software,Communications Software,Mobile/Synchronization Software,
Software,Data Management Software,Database Plug-Ins/Development Tools,
Software,Data Management Software,Database Software,
Software,Data Management Software,Document/ Info Management Software,
Software,Data Management Software,Pdf Creation & Management Software,
Software,Developer Software,Application Development,
Software,Developer Software,Developer Suites,
Software,Developer Software,Flow-Charting/Diagramming Software,
Software,Developer Software,Internet/Web Development,
Software,Developer Software,Virtual Reality Software,
Software,Digital Imaging & Signage Software,Animation Software,
Software,Digital Imaging & Signage Software,Draw/Paint Software,
Software,Digital Imaging & Signage Software,Image Editing Software,
Software,Digital Imaging & Signage Software,Imaging Suite Software,
Software,Digital Imaging & Signage Software,Multimedia Player Software,
Software,Digital Imaging & Signage Software,Ocr & Scanning Software,
Software,Digital Imaging & Signage Software,Video/Audio Editing Software,
Software,Education Software,Bundled Education Software,
Software,Education Software,Teacher Resource Software,
Software,Finance Software,Financial Suite Software,
Software,Finance Software,Payroll Software,
Software,Finance Software,Tax Software,
Software,Game Software,Strategy Game Software,
Software,Host Access Software,Remote Access Software,
Software,It Management Software,Application Management/Monitoring Software,
Software,It Management Software,Help Desk Software,
Software,It Management Software,It Asset Management Software,
Software,Networking & Servers,Network Management,
Software,It Management Software,It Management Suite Software,
Software,It Management Software,Network Analysis Software,
Software,It Management Software,Network Management/Monitoring Software,
Software,It Management Software,Ups Management Software,
Software,Office Productivity Software,Integrated Office Suites,
Software,Office Productivity Software,Voice Dictation/Recognition Softw,
Software,Operating System Software,Mac Operating System Software,
Software,Operating System Software,Windows Operating System Software,
Software,Reference Software,Statistics Software,
Software,Security Software,Access Control Software,
Software,Security Software,Encryption Software,
Software,Security Software,Firewall/Vpn Software,
Software,Security Software,Physical Access Control Manager Software,
Software,Security Software,Regulation Compliance Software,
Software,Security Software,Security Management Software,
Software,Security Software,Security Suite Software,
Software,Security Software,Surveillance Software (Includes Management Software),
Software,Security Software,Virus Protection Software,
Software,Security Software,Vulnerability Assessment Software,
Software,Storage Software,Back-Up Software,
Software,Storage Software,Data Recording/Copying And Migration Software,
Software,Storage Software,Disaster/File Recovery Software,
Software,Storage Software,Storage Management Software,
Software,Utility Software,File Conversion Software,
Software,Utility Software,General Utility Software,
Software,Virtualization Software,Hypervisor Management Software For Desktop Virtualization,
Software,Virtualization Software,Hypervisor Management Software For Server Virtualization,
Software,Virtualization Software,Hypervisor Software For Desktop Virtualization,
Software,Virtualization Software,Hypervisor Software For Server Virtualization,
Software,Virtualization Software,Unknown,
Software,Virtualization Software,Utility Software For Server Virtualization,
Storage,CD/DVD & Removable Media Drives,CD/DVD Drives,
Storage,CD/DVD & Removable Media Drives,Removable Media Drives,
Storage,Drive Enclosures & Controllers,Drive & Raid Controllers,
Storage,Drive Enclosures & Controllers,Drive & Raid Enclosures,
Storage,Drive Enclosures & Controllers,Removable Frame & Carriers,
Storage,Flash Memory Devices,"Flash Card Cases, Accessories, & Adapters",
Storage,Flash Memory Devices,Flash Memory Cards,
Storage,Flash Memory Devices,"Flash Readers, Cards, & Writers",
Storage,Flash Memory Devices,Portable Flash Drives,
Storage,Hard Drives & Backup Devices,Disk Backup Appliances,
Storage,Hard Drives & Backup Devices,EIDE Hard Drives,
Storage,Hard Drives & Backup Devices,Fibre Channel Hard Drives,
Storage,Hard Drives & Backup Devices,Hard Drive Duplicators,
Storage,Hard Drives & Backup Devices,Libraries & Tape Drives,
Storage,Hard Drives & Backup Devices,Multi-Interface Hard Drives,
Storage,Hard Drives & Backup Devices,SAS Hard Drives,
Storage,Hard Drives & Backup Devices,SCSI Hard Drives,
Storage,Hard Drives & Backup Devices,Serial ATA Hard Drives,
Storage,Hard Drives & Backup Devices,"USB, Firewire, & Thunderbolt Hard Drives",
Storage,Network Storage,Ethernet Channel & Storage Disk Systems,
Storage,Network Storage,"NAS Disk Systems, Hard Drives, & Components",
Storage,Network Storage,Unified Storage Components,
Storage,SAN Systems & Infrastructure,Fibre Channel SAN Disk Systems & Adapters,
Storage,SAN Systems & Infrastructure,"SAN & iSCI SAN Disk Systems, & Adapters",
Storage,SAN Systems & Infrastructure,SAN GBIC/SFP,
Storage,SAN Systems & Infrastructure,SAN Hard Drives,
Storage,SAN Systems & Infrastructure,SAN Switches,
Storage,Solid State Disks,IDE Solid State Disks,
Storage,Solid State Disks,MSATA Solid State Disks,
Storage,Solid State Disks,Multi-Interface Solid State Disks,
Storage,Solid State Disks,PCI Express Solid State Disks,
Storage,Solid State Disks,SAS Solid State Disks,
Storage,Solid State Disks,SATA Solid State Disks,
Storage,Solid State Disks,"USB, Firewire, & Thunderbolt Solid State Disks",
Storage,Storage Accessories & Components,"Cases, Organizers & Mounting Hardware",
Storage,Storage Accessories & Components,Data Transfer Kits,
Storage,Storage Accessories & Components,Driver & Drive Components,
Storage,Storage Accessories & Components,Media Storage Products,
Storage,Storage Accessories & Components,Optical Device Components,
Storage,Storage Accessories & Components,Tape Array & Library Components,
Unknown,Unknown,Unknown,
Core ,Industrial Equipment,Waste Management & Compactors,
Core,Components,Sensors,
